title,company,location,link
Web Developer - Apps Team,Esri,"Portland, ME",https://stackoverflow.com/jobs/566045
Full Stack Developer,Ensign InfoSecurity (Cybersecurity) Pte Ltd,Singapore,https://stackoverflow.com/jobs/534276
"Lead Polyglot Software Engineers – TDD, XP, JavaScript",Pragmateam,"Sydney, Australia",https://stackoverflow.com/jobs/519292
Sr. Fullstack (Python Django & React) Engineer- StyleSeat,StyleSeat,No office location,https://stackoverflow.com/jobs/561047
"Principal Software Engineer, Ruby on Rails (Remote)",Syncro,No office location,https://stackoverflow.com/jobs/556781
Senior Software Engineer,"G2.com, Inc.","Chicago, IL",https://stackoverflow.com/jobs/529392
Senior Software Engineer - Full Stack,C2FO,"Leawood, KS",https://stackoverflow.com/jobs/287269
Senior Backend Software Engineer,C2FO,"Leawood, KS",https://stackoverflow.com/jobs/522851
Senior Frontend Engineer (Remote),Nebulab,No office location,https://stackoverflow.com/jobs/541099
JavaScript Developer - Location Analytics,Esri,"Redlands, CA",https://stackoverflow.com/jobs/396325
Geo Data Visualization Front-End Developer,Esri,"Arlington, VA",https://stackoverflow.com/jobs/566041
"Sr Full Stack Engineer - US & Canada Remote (.NET core, NoSQL, React, AWS)",Lone Wolf Technologies,No office location,https://stackoverflow.com/jobs/523487
React Software Engineer @ Nozomi Networks,Nozomi Networks,"Mendrisio, Switzerland",https://stackoverflow.com/jobs/526403
Senior Software Engineer,Administrate,No office location,https://stackoverflow.com/jobs/522941
Senior Software Engineer,Administrate,No office location,https://stackoverflow.com/jobs/522940
Senior Software Engineer,Administrate,"Edinburgh, UK",https://stackoverflow.com/jobs/522939
Senior Fullstack Engineer (Identity Management Team) (f/m/d),Delivery Hero SE,"Berlin, Germany",https://stackoverflow.com/jobs/560700
C# Developer für Webanwendungen (w/*/m),queo GmbH,"Dresden, Deutschland",https://stackoverflow.com/jobs/522414
FullStack Developer,Envato Mexico,No office location,https://stackoverflow.com/jobs/524890
Backend Developer,Octopus Energy,"London, UK",https://stackoverflow.com/jobs/197943
UX/UI Developer in Autonomous Mobile Robotics,incubed IT,"Hart bei Graz, Österreich",https://stackoverflow.com/jobs/514341
Senior React Developer,BET Software,"Umhlanga, South Africa",https://stackoverflow.com/jobs/562563
Typescript/React expert (+3 years),Prezly,No office location,https://stackoverflow.com/jobs/546669
Software Full Stack Engineer,Singapore Innovate Pte. Ltd,Singapore,https://stackoverflow.com/jobs/565596
Software Engineering Manager (Remote),Branding Brand,No office location,https://stackoverflow.com/jobs/546565
Senior DevOps Engineer,Zenjob,"Berlin, Germany",https://stackoverflow.com/jobs/552356
Senior React Engineer / Mobile Software Developer (Remote),Branding Brand,No office location,https://stackoverflow.com/jobs/546545
Senior Full Stack Engineer,Versatile Natures,"Tel Aviv-Yafo, Israel",https://stackoverflow.com/jobs/513775
Java Software Engineer,IMC Trading,"Amsterdam, Netherlands",https://stackoverflow.com/jobs/122570
Solution Architect - Prototyping (m/w/d) Tax & Legal Garage,Deloitte Deutschland,"Düsseldorf, Deutschland",https://stackoverflow.com/jobs/534020
Software Development Architect/Lead Developer (gn) Java,SoftwareONE Deutschland GmbH,"Leipzig, Germany",https://stackoverflow.com/jobs/526082
Software Development Architect (gn) C# / .NET,SoftwareONE Deutschland GmbH,"Leipzig, Germany",https://stackoverflow.com/jobs/526080
Software Developer (gn) Java,SoftwareONE Deutschland GmbH,"Leipzig, Germany",https://stackoverflow.com/jobs/526079
Software Developer (gn) C# / .NET,SoftwareONE Deutschland GmbH,"Leipzig, Germany",https://stackoverflow.com/jobs/526078
Senior Webentwickler/in (80-100%),bbv Software Services AG,"Zürich, Schweiz",https://stackoverflow.com/jobs/431192
Senior Java Software-Ingenieur/in (80-100%),bbv Software Services AG,"Zürich, Schweiz",https://stackoverflow.com/jobs/379657
Senior Software Engineer/Software Engineer,Hubble Pte Ltd,Singapore,https://stackoverflow.com/jobs/533974
Front-end web developer to make digital solutions for social challenges,Innovattic,"Delft, Netherlands",https://stackoverflow.com/jobs/529137
Senior QA Developer,IG Group,"Kraków, Poland",https://stackoverflow.com/jobs/533832
Senior ML Engineer,Amaris.AI,Singapore,https://stackoverflow.com/jobs/533811
Software Engineer Manager,"Volusion, LLC","Austin, TX",https://stackoverflow.com/jobs/566127
Fullstack Engineer (f/m/x),Zenjob,"Berlin, Germany",https://stackoverflow.com/jobs/552354
Web Developer - Slido,Slido,"Bratislava, Slovakia",https://stackoverflow.com/jobs/566126
Senior Developer,EVS llc,"Westminster, CO",https://stackoverflow.com/jobs/529103
Senior Frontend Developer | Vue.js (Remote),iubenda,"Milan, Italy",https://stackoverflow.com/jobs/565494
Senior Frontend Developer (m/w/d) - Experience Design & Mobile,Deloitte Deutschland,"Düsseldorf, Deutschland",https://stackoverflow.com/jobs/533735
Software-Entwickler (w/m/d),CASERIS GmbH,"Stolberg, Deutschland",https://stackoverflow.com/jobs/566118
JavaScript Engineer,LeoVegas Mobile Gaming Group,"Stockholm, Sweden",https://stackoverflow.com/jobs/386114
Frontend Developer,Jobandtalent,"Madrid, Spain",https://stackoverflow.com/jobs/533664
Frontend Developer,Octopus Energy,"London, UK",https://stackoverflow.com/jobs/533659
frontend web developer,code d'azur,"Amsterdam, Netherlands",https://stackoverflow.com/jobs/522614
Backend Developer - APIs Team,Octopus Energy,"London, UK",https://stackoverflow.com/jobs/533658
Senior Fullstack Engineer,Tradeshift,"Bucharest, Romania",https://stackoverflow.com/jobs/530234
Data Scientist,AutoTrader,"Toronto, ON, Canada",https://stackoverflow.com/jobs/529015
Software Developer Vue.js (m/f/d),shopware AG,"Schöppingen, Deutschland",https://stackoverflow.com/jobs/549078
"Backend Entwickler (m/w/d) mit Spring Boot, Java 11, AWS und Docker gesucht",Bolinda Labs GmbH,"Darmstadt, Deutschland",https://stackoverflow.com/jobs/264821
Full Stack Developer,Rakettitiede,"Helsinki, Finland",https://stackoverflow.com/jobs/522743
Node.js Developer,Supermetrics Oy,No office location,https://stackoverflow.com/jobs/566096
Developer Advocate,Supermetrics Oy,"Helsinki, Finland",https://stackoverflow.com/jobs/566093
Senior Frontend Entwickler (m/w/d) - 100 % Remote möglich!,publicplan,No office location,https://stackoverflow.com/jobs/552131
Senior JavaScript Engineer (Canada Remote),Fullscript,No office location,https://stackoverflow.com/jobs/566520
"Senior Ruby Engineer, Product",Fullscript,No office location,https://stackoverflow.com/jobs/566519
"Senior Ruby Engineer, Core",Fullscript,No office location,https://stackoverflow.com/jobs/566518
Engineering Manager (Remote),Syncro,No office location,https://stackoverflow.com/jobs/566517
Senior DevOps Engineer,Self Decode,No office location,https://stackoverflow.com/jobs/566516
Frontend Developer (f/m/d),Trusted Shops GmbH,"Köln, Deutschland",https://stackoverflow.com/jobs/566081
Senior Backend Engineer,Pollen,"London, UK",https://stackoverflow.com/jobs/522622
LEAD INSTRUCTOR - WEB DEVELOPMENT [full time | hybrid],WBS Gruppe,No office location,https://stackoverflow.com/jobs/556317
Platform Operation Engineer,IG Group,"Kraków, Poland",https://stackoverflow.com/jobs/533129
Lead Software Engineer,Vodafone,"London, UK",https://stackoverflow.com/jobs/533128
Werkstudent/in Full Stack Developer (m/w/d),Audi Business Innovation GmbH,"München, Germany",https://stackoverflow.com/jobs/565967
Backend Java Developer,Tradeshift,"București, Romania",https://stackoverflow.com/jobs/533090
(Senior) Software Engineer - Backend,zooplus SE,"Kraków, Poland",https://stackoverflow.com/jobs/111052
Principal Full Stack Developer (f/m/x) React & Node.js,Cosuno,"Berlin, Germany",https://stackoverflow.com/jobs/522359
Full Stack Developer (f/m/x) React & Node.js,Cosuno,"Berlin, Germany",https://stackoverflow.com/jobs/354357
"full-stack web developer (node.js, typescript)",code d'azur,"Amsterdam, Netherlands",https://stackoverflow.com/jobs/522428
Senior Backend Developer (f/m/d),HOMELIKE INTERNET GmbH,"Köln, Deutschland",https://stackoverflow.com/jobs/522556
Javascript Developer - React or Angular or VueJS,Arcanys,No office location,https://stackoverflow.com/jobs/551985
Full-Stack Senior Developer,AudioValley,"Paris, France",https://stackoverflow.com/jobs/566062
Remote Lead Full Stack Engineer - Cisco Meraki,Cisco MerakiviaSource Coders,No office location,https://stackoverflow.com/jobs/566501
Engineering Manager (f/m/x),Cosuno,"Berlin, Germany",https://stackoverflow.com/jobs/550527
Java Entwickler (m/w/d),STAR COOPERATION GmbH,"Böblingen, Deutschland",https://stackoverflow.com/jobs/566498
DevOps Cloud Engineer (Kubernetes) - Remote,IG Group,No office location,https://stackoverflow.com/jobs/532885
Fullstack Developer (m/w/d),German Edge Cloud GmbH & Co. KG,"Limburg an der Lahn, Deutschland",https://stackoverflow.com/jobs/539736
Fullstack Engineer/ Working student (m/f/d),Motius GmbH,"München, Deutschland",https://stackoverflow.com/jobs/566489
Software Development Engineer,bank99,"Wien, Österreich",https://stackoverflow.com/jobs/525695
Senior Full-Stack Developer,Derivco.,"Umhlanga, South Africa",https://stackoverflow.com/jobs/528652
Passionate Talent in Engineering,ti&m AG,"Zürich, Schweiz",https://stackoverflow.com/jobs/522403
JavaScript Software Engineer / Contract,ZenitechviaInvest Lithuania,"Vilnius, Lithuania",https://stackoverflow.com/jobs/556108
Solution Architect Web Platforms,ti&m AG,"Zürich, Schweiz",https://stackoverflow.com/jobs/522338
Software Engineer - Web Front-end Product Development,ti&m AG,"Zürich, Schweiz",https://stackoverflow.com/jobs/522335
Senior Software Engineer - US Credit Trading,MarketAxess Holdings Inc.,"New York, NY",https://stackoverflow.com/jobs/555969
Senior Application Engineer,ti&m AG,"Zürich, Schweiz",https://stackoverflow.com/jobs/522311
Frontend Developer / Headless Expert,Magnolia International Ltd.,No office location,https://stackoverflow.com/jobs/525573
Senior Software Engineer Java EE,ti&m AG,"Zürich, Schweiz",https://stackoverflow.com/jobs/522274
Senior Software Engineer Java,ti&m AG,"Bern, Schweiz",https://stackoverflow.com/jobs/522273
Senior Software Engineer Web Front-end,ti&m AG,"Bern, Schweiz",https://stackoverflow.com/jobs/522271
Senior Software Engineer Java / Kotlin,ti&m AG,"Zürich, Schweiz",https://stackoverflow.com/jobs/522269
DevOps Engineer Application Management,ti&m AG,"Zürich, Schweiz",https://stackoverflow.com/jobs/522266
Senior Software Engineer - Products Back-end Engineering,ti&m AG,"Zürich, Schweiz",https://stackoverflow.com/jobs/522253
Full Stack Software Engineer,"Old Mission Capital, LLC","Chicago, IL",https://stackoverflow.com/jobs/528808
Senior Software Engineer Web Front-end,ti&m AG,"Zürich, Schweiz",https://stackoverflow.com/jobs/522252
Senior Software Engineer Web-Front-end / .NET,ti&m AG,"Zürich, Schweiz",https://stackoverflow.com/jobs/522251
Senior JavaScript Developer,Accenture Romania,"Bucharest, Romania",https://stackoverflow.com/jobs/525564
Senior Software Engineer .NET (m/w/d),ti&m AG,"Frankfurt am Main, Deutschland",https://stackoverflow.com/jobs/522249
Remote Senior Front End Developer,Bitfinex,No office location,https://stackoverflow.com/jobs/528797
Engineering Manager,Impala,No office location,https://stackoverflow.com/jobs/555932
Senior Full-Stack Software Engineer,NOW Payment Services Provider LLC,"Dubai, United Arab Emirates",https://stackoverflow.com/jobs/559758
Toolchain Development Engineer,Intel Corporation,"Bengaluru, India",https://stackoverflow.com/jobs/539299
Full-Stack Software Engineer,Captivation Software,"Fort Meade, MD",https://stackoverflow.com/jobs/525427
Python Software Engineer,Captivation Software,"Fort Meade, MD",https://stackoverflow.com/jobs/525426
Senior/Staff Full Stack Engineer (Ruby on Rails),Forge,"San Francisco, CA",https://stackoverflow.com/jobs/525442
DevOps Engineer - Location Flexible,"Volusion, LLC","Austin, TX",https://stackoverflow.com/jobs/449663
Python Software Engineer (Quant Trading Firm),"Old Mission Capital, LLC","Chicago, IL",https://stackoverflow.com/jobs/528807
Full-Stack PHP-Entwickler (m/w/d),campoint AG,"Seligenstadt, Deutschland",https://stackoverflow.com/jobs/566465
"Staff Software Engineer, Along, Education",Chan Zuckerberg Initiative,"Redwood City, CA",https://stackoverflow.com/jobs/565331
"Software Engineer, Notebooks, Education",Chan Zuckerberg Initiative,"Redwood City, CA",https://stackoverflow.com/jobs/565329
React Native Engineer,Picnic,"Amsterdam, Netherlands",https://stackoverflow.com/jobs/174497
Senior AEM Developer,AIR MILES,"Toronto, ON, Canada",https://stackoverflow.com/jobs/539248
Senior Frontend React Developer,AIR MILES,"Toronto, ON, Canada",https://stackoverflow.com/jobs/539247
Senior Java Web Developer,AIR MILES,"Toronto, ON, Canada",https://stackoverflow.com/jobs/539245
Senior Fullstack Developer,AIR MILES,"Toronto, ON, Canada",https://stackoverflow.com/jobs/539244
Firmware/Software Architect,Intel Corporation,"Jerusalem, Israel",https://stackoverflow.com/jobs/539163
Web Systems Engineer - HPC Products,DUG Technology,"West Perth, Australia",https://stackoverflow.com/jobs/528138
Front End Software Engineer – HPC Products,DUG Technology,"West Perth, Australia",https://stackoverflow.com/jobs/528137
Frontend Engineer - Payroll Domain (f/m/d),Personio,"Madrid, Spain",https://stackoverflow.com/jobs/565996
Senior Backend Developer,IG Group,"Kraków, Poland",https://stackoverflow.com/jobs/545281
Associate Software Engineer,MarketAxess Holdings Inc.,"New York, NY",https://stackoverflow.com/jobs/566038
Senior Android Developer,IG Group,"Kraków, Poland",https://stackoverflow.com/jobs/545280
Senior Android Developer,Gamesys Group,"Toronto, ON, Canada",https://stackoverflow.com/jobs/565278
"Senior Developer (React, Node.js) (m/f/d)",Ziegert EverEstate GmbH,"Berlin, Deutschland",https://stackoverflow.com/jobs/394267
Software Engineer – Frontend / Fullstack (m/f/d) remote or on-site,HolidayCheck Group AG,"Munich, Germany",https://stackoverflow.com/jobs/297720
Full-Stack Software Engineer (C# + .NET 6 / React + Typescript) (f/m/d),HeidelbergCement AG,"Heidelberg, Deutschland",https://stackoverflow.com/jobs/559624
Junior Backend Engineer (m/f/d),Relayr,"Katowice, Poland",https://stackoverflow.com/jobs/551592
Senior Webentwickler Javascript – Web E-Commerce (m/w/d),ifm-Unternehmensgruppe,"Essen, Deutschland",https://stackoverflow.com/jobs/566012
Senior Frontend Engineer,Pento,No office location,https://stackoverflow.com/jobs/564685
"Backend Engineer, Integrations & API (Remote , +3/-3 CET hours)",Pento,No office location,https://stackoverflow.com/jobs/559448
Senior Test Automation Engineer (f/m/d),Evotec SE,"Göttingen, Germany",https://stackoverflow.com/jobs/561035
"Software Developers for our offices in Berlin, Hamburg, Göttingen or Abingdon",Evotec SE,"Hamburg, Germany",https://stackoverflow.com/jobs/524299
"Senior Software Developer/Team Leader in Berlin, Hamburg, Göttingen or Abingdon",Evotec SE,"Berlin, Germany",https://stackoverflow.com/jobs/550234
Full Stack Developer,Market Resource Partners,No office location,https://stackoverflow.com/jobs/566002
Senior React Developer | Contractor | Remote,Copado Strategic Services,No office location,https://stackoverflow.com/jobs/545086
Full Stack Developer,Market Resource Partners,No office location,https://stackoverflow.com/jobs/565998
Full Stack Developer,Checkmarx,"Braga, Portugal",https://stackoverflow.com/jobs/531560
Frontend developer (NextJS/React) with a passion for open source,5 Monkeys Agency ABvia5 Monkeys Agency AB,"Stockholm, Sweden",https://stackoverflow.com/jobs/565995
FULL STACK DEVELOPER (M/W/D),Insiders Technologies GmbH,"Kaiserslautern, Deutschland",https://stackoverflow.com/jobs/565988
Software Engineer – React,LifeOmic,"Indianapolis, IN",https://stackoverflow.com/jobs/519007
"Senior Software Engineer – AWS, NodeJS, Serverless",LifeOmic,"Indianapolis, IN",https://stackoverflow.com/jobs/519002
Senior Javascript Full-stack Engineer,Didomi,"Paris, France",https://stackoverflow.com/jobs/520680
Développeur Elm/Typescript React/Angular (F/H),Thegreendata,"Paris, France",https://stackoverflow.com/jobs/528472
Senior Frontend Engineer - Employee Performance & Development,Personio,"Amsterdam, Netherlands",https://stackoverflow.com/jobs/551287
React Developer (Remote),X-Team,No office location,https://stackoverflow.com/jobs/534457
Engineering Manager,aklamio,"Berlin, Germany",https://stackoverflow.com/jobs/551411
"Frontend Software Entwickler Smart Irrigation, IoT/Garten-Geräte (m/w/d) 100%",Gardena GmbH,"Zürich, Switzerland",https://stackoverflow.com/jobs/531444
"Senior Software Engineer (Frontend), Along, Education",Chan Zuckerberg Initiative,"Redwood City, CA",https://stackoverflow.com/jobs/565976
JAVA Full Stack Web Application Developer – Entry Level & Internships,LBi Software,"Melville, NY",https://stackoverflow.com/jobs/521892
Sr. Software Engineer (Full stack Java),MUFG,"Charlotte, NC",https://stackoverflow.com/jobs/559425
Software Engineer,MUFG,"Charlotte, NC",https://stackoverflow.com/jobs/559421
Modern Infrastructure and Security Architect - Remote,MUFG,No office location,https://stackoverflow.com/jobs/559431
Java Developer,MUFG,"New York, NY",https://stackoverflow.com/jobs/559436
"Applications Support Specialist, Salesforce -- Associate",MUFG,"New York, NY",https://stackoverflow.com/jobs/559438
Full Stack Engineer (Mid-level - Python/JavaScript),Night Market,No office location,https://stackoverflow.com/jobs/566449
Senior Full Stack Engineer (Python/JavaScript),Night Market,No office location,https://stackoverflow.com/jobs/566448
Senior Ruby on Rails developer,Marketer Technologies AS,"Oslo, Norway",https://stackoverflow.com/jobs/518196
Senior Front-end Developer with React.js,Marketer Technologies AS,"Oslo, Norway",https://stackoverflow.com/jobs/541502
A Full Stack Developer (JS/ React+Java) for a top user-generated travel website,Pentalog,"Guadalajara, Mexico",https://stackoverflow.com/jobs/555641
React Developer - Are you available for the most recognized sports retailer ?,Pentalog,No office location,https://stackoverflow.com/jobs/554216
Tech Lead Engineering at sustainable start-up (m/f/x) - Munich/Remote,FINN,"München, Germany",https://stackoverflow.com/jobs/541678
Frontend Engineer - all levels at sustainable start-up (m/f/x)-Munich or Remote,FINN,"München, Germany",https://stackoverflow.com/jobs/519612
Women in Tech - all levels at sustainable start-up (f/x) - Munich or Remote,FINN,No office location,https://stackoverflow.com/jobs/565648
Front-end Developer at a fast-growing scale-up,Channable,"Utrecht, Netherlands",https://stackoverflow.com/jobs/308755
Senior Java Developer (m/f/d),Audi Business Innovation GmbH,"München, Germany",https://stackoverflow.com/jobs/563096
Full Stack Developer Audi Commerce Platform (m/f/d),Audi Business Innovation GmbH,"München, Germany",https://stackoverflow.com/jobs/563095
Senior Hybrid Web-App Developer,Platogo Interactive Entertainment GmbH,"Wien, Austria",https://stackoverflow.com/jobs/489573
DevOps Engineer (Remote),Eterlast,"Barcelona, Spain",https://stackoverflow.com/jobs/563090
Senior Full-Stack Developer,eBay,"Amsterdam, Netherlands",https://stackoverflow.com/jobs/541472
Front End Developer,Insites Digital,"Hitchin, UK",https://stackoverflow.com/jobs/531167
Senior Javascript Developer / Tech Lead,Insites Digital,"Hitchin, UK",https://stackoverflow.com/jobs/531166
Full-stack Typescript Software Engineer,Crazy Games,No office location,https://stackoverflow.com/jobs/296971
Remote Sr. Frontend Architect (React) - Spekit - High Growth Series B Startup,SpekitviaSource Coders,No office location,https://stackoverflow.com/jobs/566439
Full Stack Developer,iFit,No office location,https://stackoverflow.com/jobs/551202
Senior WordPress Developer,Curotec,No office location,https://stackoverflow.com/jobs/550906
(Senior) Software Engineer (Angular) - Logistics Vendor (f/m/d),Delivery Hero SE,"Berlin, Germany",https://stackoverflow.com/jobs/566390
Software Engineer Frontend/Fullstack - Media & Services Hub (m/f/d),HolidayCheck Group AG,"München, Deutschland",https://stackoverflow.com/jobs/559404
Senior Software Engineer - Cards,C2FO,"Leawood, KS",https://stackoverflow.com/jobs/538364
Backend Developer,AudioValley,"Paris, France",https://stackoverflow.com/jobs/518186
React Developer,Cleverlance,"Prague, Czechia",https://stackoverflow.com/jobs/526993
Java EE Developer,Cleverlance,"Prague, Czechia",https://stackoverflow.com/jobs/558418
Senior Full-Stack Developer,Supermetrics Oy,"Helsinki, Finland",https://stackoverflow.com/jobs/565936
Engineering Manager - FinTech - Wallet (f/m/d),Delivery Hero SE,"Berlin, Germany",https://stackoverflow.com/jobs/565908
"Senior Software Engineer -  Remote (within Australia, New Zealand)",Octopus Deploy,No office location,https://stackoverflow.com/jobs/566426
"Lead Software Engineer - Remote (within Australia, New Zealand)",Octopus Deploy,No office location,https://stackoverflow.com/jobs/566425
Senior Frontend Engineer - Employee Performance & Development (f/m/d),Personio,"Madrid, Spain",https://stackoverflow.com/jobs/336428
Senior iOS Developer,Marks & Spencer,"London, UK",https://stackoverflow.com/jobs/530984
Full-Stack Software Engineer,Marks & Spencer,"London, UK",https://stackoverflow.com/jobs/530982
Join the Crew - Passionate Senior Software Engineer,Spaceteams GmbH,"Hamburg, Germany",https://stackoverflow.com/jobs/555273
SENIOR FRONTEND SOFTWARE ENGINEER (F/M/D),4.screen GmbH,"München, Deutschland",https://stackoverflow.com/jobs/521008
Senior Software Engineer - ( Nodejs & Reactjs) (Developer Portal) (f/m/d),Delivery Hero SE,"Berlin, Germany",https://stackoverflow.com/jobs/566414
(Senior) DevOps Engineer (all genders),Elinvar GmbH,"Berlin, Germany",https://stackoverflow.com/jobs/549092
Senior Backend Engineer (all genders),Elinvar GmbH,"Berlin, Germany",https://stackoverflow.com/jobs/548851
Full Stack Engineer (m/f/d),Relayr,"Katowice, Poland",https://stackoverflow.com/jobs/544460
(Senior) React Frontend Engineer - Core Functionality / all genders,Elinvar GmbH,"Berlin, Germany",https://stackoverflow.com/jobs/562577
Senior Security Engineer,IG Group,"London, UK",https://stackoverflow.com/jobs/555193
Java Software Engineer,IG Group,"London, UK",https://stackoverflow.com/jobs/555192
Full Stack Java/React Developer,Portland Webworks,"Portland, ME",https://stackoverflow.com/jobs/524803
Backend Engineer,Passio Inc.,No office location,https://stackoverflow.com/jobs/555177
Senior Software Engineer,uShip,"Austin, TX",https://stackoverflow.com/jobs/537938
Senior Java Fullstack Developer: contribute E2E from server side to API & the UI,Mimecast,"London, UK",https://stackoverflow.com/jobs/415192
Frontend Developer - Angular /m/w/d),hmmh multimediahaus AG,"Bremen, Deutschland",https://stackoverflow.com/jobs/528287
"Lead Software Engineer, atma.io",atma.io,No office location,https://stackoverflow.com/jobs/566393
"Remote Polyglot Software Engineer – TDD, XP, JavaScript",Pragmateam,No office location,https://stackoverflow.com/jobs/523004
Experienced Software Engineer,Outschool,No office location,https://stackoverflow.com/jobs/550915
"Senior Web Developer (.NET Web Projects, Fully Remote)",BlueModus,No office location,https://stackoverflow.com/jobs/566348
"Solution Lead (.NET Web Projects, Fully Remote)",BlueModus,No office location,https://stackoverflow.com/jobs/566347
Front-end Developer (React),Shypple,"Rotterdam, Netherlands",https://stackoverflow.com/jobs/315697
Frontend Entwickler (w/m/d) React / JavaScript - bundesweit & Homeoffice,objective partner AG,"Weinheim, Deutschland",https://stackoverflow.com/jobs/550884
Senior Software Developer (f/m/d),ready2order GmbH,No office location,https://stackoverflow.com/jobs/566384
Java Fullstack Entwickler (w/m/d) - bundesweit & Homeoffice,objective partner AG,"Weinheim, Deutschland",https://stackoverflow.com/jobs/550879
Senior Frontend Engineer,Pollen,"London, UK",https://stackoverflow.com/jobs/524601
Senior Manager Data & Software Engineering for Emerging Markets (f/m/d),HeidelbergCement AG,"Heidelberg, Deutschland",https://stackoverflow.com/jobs/558883
(Senior) Full-Stack Software Engineer for 20 Minuten news platform (f/m/d) 80-10,TX Group,"Zürich, Switzerland",https://stackoverflow.com/jobs/558879
Software Engineer (Python AWS),Wizeline,"Phường 12 (Quận 10), Vietnam",https://stackoverflow.com/jobs/487852
Frontend Developer (m/w/d),RheinEnergie AG,"Köln, Deutschland",https://stackoverflow.com/jobs/506045
Frontend Engineer (m/f/d),Relayr,"Katowice, Poland",https://stackoverflow.com/jobs/544459
Senior Frontend Software Engineer (m/f/d),zooplus SE,"München, Germany",https://stackoverflow.com/jobs/524555
Senior Backend Architect (m/f/d),Motius GmbH,"München, Deutschland",https://stackoverflow.com/jobs/565858
Senior Software Engineer - React Native,uShip,"Austin, TX",https://stackoverflow.com/jobs/550764
Senior DevOps Engineer,Supermetrics Oy,No office location,https://stackoverflow.com/jobs/565891
Senior Full Stack Software Engineer,kaliber.ai,"San Francisco, CA",https://stackoverflow.com/jobs/251476
Senior Android Developer,Marks & Spencer,"London, UK",https://stackoverflow.com/jobs/530799
Java Full-Stack Developer,Flowable,"Zürich, Schweiz",https://stackoverflow.com/jobs/516881
"Full Stack Developer, Automation Engine",Elisa Polystar,"Helsinki, Finland",https://stackoverflow.com/jobs/558730
"Front End Lead, Content Management Platform (f/m) 80-100%",TX Group,"Zürich, Switzerland",https://stackoverflow.com/jobs/550699
Full Stack Developer (JavaScript),kevinviaInvest Lithuania,"Vilnius, Lithuania",https://stackoverflow.com/jobs/543985
Senior Front-end Developer,InteractioviaInvest Lithuania,"Vilnius, Lithuania",https://stackoverflow.com/jobs/543982
Junior JavaScript developer,SofteqviaInvest Lithuania,"Vilnius, Lithuania",https://stackoverflow.com/jobs/543978
iOS Engineer,Outschool,No office location,https://stackoverflow.com/jobs/565872
Backend Engineer (Remote),Pento,"Copenhagen, Denmark",https://stackoverflow.com/jobs/524395
Remote Experienced Frontend Engineer - React,"TheoremOne, LLC",No office location,https://stackoverflow.com/jobs/562427
Senior Front-end Software Engineer,eBay,"London, UK",https://stackoverflow.com/jobs/565862
Developer Frontend/ Backend/ Fullstack m/w/d,MARC O'POLO International GmbH,"Stephanskirchen, Deutschland",https://stackoverflow.com/jobs/519513
Frontend Engineer - Payroll Domain - Dublin or Ireland Remote,Personio,"Dublin, Ireland",https://stackoverflow.com/jobs/565843
Senior Front End Engineer (Remote),Slido,"Bratislava, Slovakia",https://stackoverflow.com/jobs/519966
Senior DevOps Engineer (Remote),Slido,No office location,https://stackoverflow.com/jobs/519933
Lead Frontend Engineer,SyncSmart.io (by LyntonWeb.com),No office location,https://stackoverflow.com/jobs/519814
Software Engineer - Full Stack (Mid-Senior),Olo,No office location,https://stackoverflow.com/jobs/448572
Software Engineer II (Ruby on Rails & React),Home Chef,"Chicago, IL",https://stackoverflow.com/jobs/519780
Senior Full-Stack Developer (Remote),Slido,"Bratislava, Slovakia",https://stackoverflow.com/jobs/519749
Senior Software Engineer (Ruby on Rails & React),Home Chef,No office location,https://stackoverflow.com/jobs/519747
Software Engineer- Functional Programming,Datasembly,No office location,https://stackoverflow.com/jobs/519800
Senior Front-End Software Engineer (React),Higher Logic,No office location,https://stackoverflow.com/jobs/566338
UX Developer,Portland Webworks,"Portland, ME",https://stackoverflow.com/jobs/524306
React Developer - DWH team,Supermetrics Oy,"Helsinki, Finland",https://stackoverflow.com/jobs/565838
Senior Backend Developer - ruby/rails,emerchantpay,No office location,https://stackoverflow.com/jobs/519486
Web developer,Intel Corporation,"Moscow, Russia",https://stackoverflow.com/jobs/530450
Security Engineer,Outschool,No office location,https://stackoverflow.com/jobs/566357
Lead Software Engineer – Cloud Platform Frontend,"Jack Henry & Associates, Inc.®",No office location,https://stackoverflow.com/jobs/558525
Softwareentwickler (m/w/d) für mittelständisches agiles Softwareunternehmen,INNOSYSTEC GmbH,"Salem, Deutschland",https://stackoverflow.com/jobs/517305
Senior Java / Kotlin Engineer (m/f/x) Order Master (High-Load Marketplace),"AVANTGARDE - ""Creating Fans""",No office location,https://stackoverflow.com/jobs/536837
JavaScript Developer,Ogury,"Paris, France",https://stackoverflow.com/jobs/519021
Senior Full Stack Developer,AutoRek,"Edinburgh, UK",https://stackoverflow.com/jobs/520638
Senior DevOps Engineer,Self Decode,No office location,https://stackoverflow.com/jobs/566351
"Principal Software Engineer, Visual Interfaces (Front End / Full Stack) - London",Synthace Ltd.,"London, UK",https://stackoverflow.com/jobs/554537
Join the Crew - Ambitious Fullstack Software Engineer (all genders),Spaceteams GmbH,"Hamburg, Germany",https://stackoverflow.com/jobs/554531
Software Engineer - Frontend,ZALORA,"Ho Chi Minh City, Vietnam",https://stackoverflow.com/jobs/536783
Lead Frontend Engineer,Leaf Logistics,No office location,https://stackoverflow.com/jobs/201704
React/Javascript Frontend Senior Developer,Providus Technologies Limited,"Quatre Bornes, Mauritius",https://stackoverflow.com/jobs/518632
Mid/Senior React Native Developer,Photobooth Supply Co,"Santa Ana, CA",https://stackoverflow.com/jobs/565782
Senior Front-end Engineer,Reaktor,"Lisboa, Portugal",https://stackoverflow.com/jobs/554381
Senior Full-Stack Web Developer,Genetec,"Vienna, Austria",https://stackoverflow.com/jobs/565772
Backend Engineer 80-100% (f/m/d),Homegate,"Berlin, Germany",https://stackoverflow.com/jobs/543690
Dart/ Flutter Developer (m/f/d) - Shop Applications - onsite or remote within EU,ABOUT YOU SE & Co. KG,"Hamburg, Deutschland",https://stackoverflow.com/jobs/351153
Senior Fullstack Developer for Splicky (DSP) Platform*,Goldbach Group AG,"Berlin, Germany",https://stackoverflow.com/jobs/565771
Fullstack Engineer 80-100% (f/m/d),Homegate,No office location,https://stackoverflow.com/jobs/543686
Full Stack Engineer (JS + Ruby),Almanac,"San Francisco, CA",https://stackoverflow.com/jobs/371120
Technical Lead,Relayr,"Chicago, IL",https://stackoverflow.com/jobs/528608
Development Team Lead - Platform,Gamesys Group,"London, UK",https://stackoverflow.com/jobs/566316
Software Engineer (DevOps) - Cashier,Gamesys Group,"London, UK",https://stackoverflow.com/jobs/566314
Node.js Developer for high-scalable CRM Tool  (m/f/d) - onsite or remote within,ABOUT YOU SE & Co. KG,No office location,https://stackoverflow.com/jobs/236387
Senior Full Stack Developer - PHP and VueJS (f/m/d),CA Customer Alliance GmbH,No office location,https://stackoverflow.com/jobs/528320
Senior Software Engineer (React),Higher Logic,"Montreal, QC, Canada",https://stackoverflow.com/jobs/536301
Modern Infrastructure and Security Architect - Remote - Vice President -SRE,MUFG,No office location,https://stackoverflow.com/jobs/566303
Frontend Engineer - HR Management,Personio,"Dublin, Ireland",https://stackoverflow.com/jobs/554261
"Full-Stack Developer, Research & Development",Houston Astros Baseball R&D,"Houston, TX",https://stackoverflow.com/jobs/536288
"Senior Full-Stack Scala Developer | ZIO, Spark, TypeScript, React",Dé VakantieDiscounter,"Amsterdam, Netherlands",https://stackoverflow.com/jobs/524019
"Senior QA Developer (JavaScript, Selenium)",IG Group,"Kraków, Poland",https://stackoverflow.com/jobs/536279
"Tech Lead Store Replenishment (Cloud,Azure,Oracle,Microservices)",AH Technology – Albert Heijn,"Zaandam, Netherlands",https://stackoverflow.com/jobs/566289
Front End Developer - Marketing Development,Gamesys Group,"London, UK",https://stackoverflow.com/jobs/566288
Software Engineer,Which?,"London, UK",https://stackoverflow.com/jobs/524001
Front-End Engineer,Mixam,"Watford, UK",https://stackoverflow.com/jobs/523992
Backend Software Engineer - Python,Hubs,"Amsterdam, Netherlands",https://stackoverflow.com/jobs/543394
Senior Frontend Engineer,AMBOSS,"Berlin, Germany",https://stackoverflow.com/jobs/558018
"SENIOR FULL-STACK DEV WITH RUBY / PYTHON / REACT NATIVE -- 100% REMOTE, FLEXIBLE",Analytics Fire,No office location,https://stackoverflow.com/jobs/517987
Engineering Manager,Forge,"San Francisco, CA",https://stackoverflow.com/jobs/523953
Sr. Full Stack Engineer (JS + Ruby),Almanac,No office location,https://stackoverflow.com/jobs/543500
Senior Fullstack Engineer,AMBOSS,"Berlin, Germany",https://stackoverflow.com/jobs/557771
Mobile Application Engineer,BET Software,"Umhlanga, South Africa",https://stackoverflow.com/jobs/566270
Mobile Engineer* (iOS or Android) 80-100%,TX Group,"Zürich, Switzerland",https://stackoverflow.com/jobs/566269
Senior Java Software Engineer,eBay,"London, UK",https://stackoverflow.com/jobs/566198
Frontend Developer (m/f/d),Pixida GmbH,"München, Deutschland",https://stackoverflow.com/jobs/566267
"Senior NodeJS Engineer - NY, LA, Seattle (contract)",econify,"Seattle, WA",https://stackoverflow.com/jobs/270802
Senior Web Entwickler (m/w/d),ilum:e informatik AG,No office location,https://stackoverflow.com/jobs/566266
Senior/Staff Full Stack Engineer (Ruby on Rails),Forge,"Denver, CO",https://stackoverflow.com/jobs/523832
Engineering Manager,NN Group N.V.,"Den Haag, Netherlands",https://stackoverflow.com/jobs/557648
Full Stack Engineer,NN Group N.V.,"Den Haag, Netherlands",https://stackoverflow.com/jobs/557647
Engineer Onboarding & Authentication,NN Group N.V.,"Den Haag, Netherlands",https://stackoverflow.com/jobs/557646
Software Engineer,The Orchard,"London, UK",https://stackoverflow.com/jobs/543314
Front-end Software Engineer,McD Tech Labs,"Mountain View, CA",https://stackoverflow.com/jobs/523792
"NodeJS Engineer - NYC (or Seattle, LA)",econify,"New York, NY",https://stackoverflow.com/jobs/283490
Full Stack Engineer,Zattoo,"Berlin, Germany",https://stackoverflow.com/jobs/565749
Senior iOS Developer (Swift / Objective-C) - Remote,IG Group,"London, UK",https://stackoverflow.com/jobs/530120
"Sovelluskehittäjä, Liikenteen yksikkö",CGI Suomi,"Helsinki, Finland",https://stackoverflow.com/jobs/561552
"Arista Networks is hiring Front End Engineer for Dublin office(JS, React+Redux)","Arista Networks, Inc","Dublin, Ireland",https://stackoverflow.com/jobs/482910
System Architect (m/f/d) for Cloud Solutions,SupplyOn AG,"Dresden, Deutschland",https://stackoverflow.com/jobs/549094
Senior Data Engineer - Remote,Didomi,"Paris, France",https://stackoverflow.com/jobs/557607
Frontend Engineer 80-100% (f/m/d),Homegate,"Berlin, Germany",https://stackoverflow.com/jobs/543689
"*REMOTE* Principal Engineer Kotlin / Java (High-Load Marketplace, m/f/x)","AVANTGARDE - ""Creating Fans""",No office location,https://stackoverflow.com/jobs/550244
REMOTE Techlead React (TS) Frontend (m/f/x) - Global Marketplace Solution,"AVANTGARDE - ""Creating Fans""",No office location,https://stackoverflow.com/jobs/498049
React Native - work from home for a cutting-edge UK software startup (UK only),Axsy,No office location,https://stackoverflow.com/jobs/157276
Engineering Manager (f/m/x),Zenjob,"Berlin, Germany",https://stackoverflow.com/jobs/553614
Javascript & PHP Entwickler(in) für spannende Webapplikationen,4eyes GmbH,"Basel, Schweiz",https://stackoverflow.com/jobs/420062
"Software Engineer, Full Stack Web",Citymapper,"London, UK",https://stackoverflow.com/jobs/517299
Backend Software Engineer,Impala,No office location,https://stackoverflow.com/jobs/553591
Engineering Manager,Impala,No office location,https://stackoverflow.com/jobs/553590
Senior Full-Stack Developer (m/f/d) in Dresden,SupplyOn AG,"Dresden, Deutschland",https://stackoverflow.com/jobs/529924
Developer Node.js (m/w/d),Peek & Cloppenburg,"Düsseldorf, Germany",https://stackoverflow.com/jobs/565673
Mid/Senior Mobile Engineer - iOS,Photobooth Supply Co,"Santa Ana, CA",https://stackoverflow.com/jobs/565702
Senior PHP Engineer,Mediavine,No office location,https://stackoverflow.com/jobs/529890
Senior Ruby on Rails Engineer,Mediavine,No office location,https://stackoverflow.com/jobs/529888
Senior Ruby on Rails Developer (Remote),BuySellAds,No office location,https://stackoverflow.com/jobs/566258
Senior Full-Stack Engineer with Node.js - Tradeshift Go,Tradeshift,"Bucharest, Romania",https://stackoverflow.com/jobs/526924
Intermediate Software Engineer,Adaptavist,"Toronto, ON, Canada",https://stackoverflow.com/jobs/565698
Senior Frontend Developer,MSCI,"Budapest, Hungary",https://stackoverflow.com/jobs/553439
Frontend Developer E-Commerce (m/w/d),Peek & Cloppenburg,"Düsseldorf, Germany",https://stackoverflow.com/jobs/565676
Senior React Developer - Excel team,Supermetrics Oy,"Helsinki, Finland",https://stackoverflow.com/jobs/566250
Software-Entwickler & Software-Architekt (m/w/d),Method Park,"München, Deutschland",https://stackoverflow.com/jobs/548553
Software Architect / Code Reviewer / Mentor - Part-time,Arcanys,No office location,https://stackoverflow.com/jobs/485542
Full-Stack Javascript Developer (Node.js / React / Next.js),OOZOU,No office location,https://stackoverflow.com/jobs/565669
Front End Engineer,"Betterup, Inc.",No office location,https://stackoverflow.com/jobs/523559
Lead Full-Stack Software Engineer (Tech Lead) (f/m/d),HeidelbergCement AG,"Heidelberg, Deutschland",https://stackoverflow.com/jobs/557326
Senior Software Engineer Java (m/w/d),ti&m AG,"Frankfurt am Main, Deutschland",https://stackoverflow.com/jobs/548441
Senior Engineering Manager,eBay,"London, UK",https://stackoverflow.com/jobs/566241
"Senior/Front End Engineer, APAC",Coda Payments,No office location,https://stackoverflow.com/jobs/557316
Senior Symfony/PHP Engineer,Compucorp,"London, UK",https://stackoverflow.com/jobs/566238
Front-End Software Engineer,HENNGE K.K.,"Tokyo, Japan",https://stackoverflow.com/jobs/381280
.NET utvecklare till Hogia,Hogia,"Stenungsund, Sweden",https://stackoverflow.com/jobs/529521
Full stack software engineer,Ailo,"Melbourne, Australia",https://stackoverflow.com/jobs/372382
Software Engineer,Reaktor,"Lisboa, Portugal",https://stackoverflow.com/jobs/553136
Full-Stack Junior Software Engineer,Automation Consultants,"Reading, UK",https://stackoverflow.com/jobs/516045
Full-Stack Senior Software Engineer,Automation Consultants,"Reading, UK",https://stackoverflow.com/jobs/516019
Frontend Engineer (m/w/d),QuantCo,"Karlsruhe, Deutschland",https://stackoverflow.com/jobs/553014
(Senior) Java Frontend Developer (m/w/d),Nets Group,"Eschborn, Germany",https://stackoverflow.com/jobs/557194
(Senior) Java Backend Developer (m/w/d),Nets Group,"Eschborn, Germany",https://stackoverflow.com/jobs/557193
"Senior Frontend Engineer, Cawemo Team - EMEA",camunda,No office location,https://stackoverflow.com/jobs/553117
"Senior Web Engineer | TypeScript, React.js, Next.js | High Traffic E-commerce",Dé VakantieDiscounter,"Amsterdam, Netherlands",https://stackoverflow.com/jobs/557189
Développeur Angular / Java,Digital4Better,"Paris, France",https://stackoverflow.com/jobs/515925
"Full Stack Software Engineer, Business Integrity",ByteDance,Singapore,https://stackoverflow.com/jobs/553099
Senior Java Engineer (m/f/x) Payment Platform Global Marketplace,"AVANTGARDE - ""Creating Fans""","München, Deutschland",https://stackoverflow.com/jobs/425377
*REMOTE* React.js (Node.js) TypeScript FE/FS Engineer (m/f/x)-Global Marketplace,"AVANTGARDE - ""Creating Fans""",No office location,https://stackoverflow.com/jobs/433429
"Frontend Software Engineer, Customer Service Platform",ByteDance,Singapore,https://stackoverflow.com/jobs/541573
"Frontend Software Engineer, Business Integrity",ByteDance,Singapore,https://stackoverflow.com/jobs/553035
Software Engineer: Full Stack,Stile Education,"Melbourne, Australia",https://stackoverflow.com/jobs/566215
Frontend (UX) Engineer,Pinnacle 21,No office location,https://stackoverflow.com/jobs/561044
React Front End Developer,"Daupler, Inc.","Kansas City, MO",https://stackoverflow.com/jobs/523351
"Python Back End Developer (FastAPI, Django, Celery)","Daupler, Inc.","Kansas City, MO",https://stackoverflow.com/jobs/523350
"Senior Software Engineer, Front End",Stardog Union,No office location,https://stackoverflow.com/jobs/566210
QA Tester,Self Decode,No office location,https://stackoverflow.com/jobs/561041
Node.js Developer (Remote),Soshace LLC,No office location,https://stackoverflow.com/jobs/566208
Mobile React Native Developer (Remote),Soshace LLC,No office location,https://stackoverflow.com/jobs/566209
Frontend React.js Developer (Remote),Soshace LLC,No office location,https://stackoverflow.com/jobs/566207
"Front-End Developer, Research & Development",Houston Astros Baseball R&D,"Houston, TX",https://stackoverflow.com/jobs/534755
Software Engineer,Odoo,"Ciudad de México, Mexico",https://stackoverflow.com/jobs/472421
Fullstack Web-Entwickler PHP/React (m/w/d) für E-Commerce Agentur aus Bremen,hmmh multimediahaus AG,No office location,https://stackoverflow.com/jobs/526714
Full-stack Developer,SBAB Bank,"Solna, Sweden",https://stackoverflow.com/jobs/526710
Remote Fullstack Entwicklerin (m/w/d),Ambient,"Köln, Deutschland",https://stackoverflow.com/jobs/552969
Fullstack Professional with PHP/Symfony 4 & vue.js experience,roadsurfer GmbH,"München, Deutschland",https://stackoverflow.com/jobs/497587
DevOps Manager/Architect,Self Decode,No office location,https://stackoverflow.com/jobs/557000
Fullstack Developer,SBAB Bank,"Karlstad, Sweden",https://stackoverflow.com/jobs/561015
"Senior Frontend Engineer React, vanilla JavaScript, CSS, C3 (m/f/d)",LIQID Investments GmbH,"Berlin, Deutschland",https://stackoverflow.com/jobs/566193
"Frontend Engineer React, vanilla JavaScript, CSS (m/f/d)",LIQID Investments GmbH,"Berlin, Deutschland",https://stackoverflow.com/jobs/566192
Senior Java fejlesztő,UNIQA Raiffeisen Software Service Kft.,"Budapest, Ungarn",https://stackoverflow.com/jobs/515490
"Full-Stack fejlesztő (Angular, Java)",UNIQA Raiffeisen Software Service Kft.,"Budapest, Ungarn",https://stackoverflow.com/jobs/515488
Full Stack Developer,The Focusrite Group,"London, UK",https://stackoverflow.com/jobs/566176
"Senior Software Engineer, Elixir",Versus Systems,No office location,https://stackoverflow.com/jobs/556907
Fully Remote - Lead Frontend Engineer - Meraki: Dashboard Team,MerakiviaSource Coders,No office location,https://stackoverflow.com/jobs/566173
Software Engineer - Build the next generation of AI platform,Signal AI,"London, UK",https://stackoverflow.com/jobs/246027
Fullstack Developer (f/m/d),Trusted Shops GmbH,"Köln, Deutschland",https://stackoverflow.com/jobs/556894
Web Engineer,Signal AI,"London, UK",https://stackoverflow.com/jobs/273615
Senior Frontend Engineer,Open Systems AG,"Zürich, Switzerland",https://stackoverflow.com/jobs/521998
Software Developer in Test,Which?,"London, UK",https://stackoverflow.com/jobs/556887
Tech Lead,Which?,"London, UK",https://stackoverflow.com/jobs/553253
Senior Front End Developer,Which?,"London, UK",https://stackoverflow.com/jobs/524732
Frontend Developer m/w/d,MARC O'POLO International GmbH,"Stephanskirchen, Deutschland",https://stackoverflow.com/jobs/534473
WordPress Developer (Remote),X-Team,No office location,https://stackoverflow.com/jobs/534463
PHP Developer (Remote),X-Team,No office location,https://stackoverflow.com/jobs/534453
Full-Stack JavaScript Developer (Remote),X-Team,No office location,https://stackoverflow.com/jobs/534446
LEAD INSTRUCTOR - WEB DEVELOPMENT [full time | German speaking | hybrid],WBS Gruppe,No office location,https://stackoverflow.com/jobs/529169
